{
    "PT1.jpeg": {
        "blur_score": 208.72542049153546,
        "is_blurry": false
    },
    "PT2.jpeg": {
        "blur_score": 164.99444834005027,
        "is_blurry": false
    },
    "PT3.jpeg": {
        "blur_score": 513.8618142437707,
        "is_blurry": false
    },
    "PT4.jpeg": {
        "blur_score": 111.23242499138838,
        "is_blurry": false
    },
    "PT5.jpeg": {
        "blur_score": 874.3760053478868,
        "is_blurry": false
    },
    "PT6.jpeg": {
        "blur_score": 874.3760053478868,
        "is_blurry": false
    },
    "PT7.jpg": {
        "blur_score": 40.2339432060819,
        "is_blurry": true
    },
    "PT8.jpg": {
        "blur_score": 27.315416510896487,
        "is_blurry": true
    },
    "PT9.jpg": {
        "blur_score": 179.4244396693515,
        "is_blurry": false
    }
}